Var1,var2
M2_lag1,UNRATE_lag1
M2_lag1,UNRATE_lag2
M2_lag1,UNRATE_lag3
M2_lag1,UNRATE_lag4
M2_lag1,UNRATE_lag5
M2_lag1,UNRATE_lag6
M2_lag1,UNRATE_lag7
M2_lag1,UNRATE_lag8
M2_lag1,UNRATE_lag9
M2_lag1,UNRATE_lag10
M2_lag2,UNRATE_lag1
M2_lag2,UNRATE_lag2
M2_lag2,UNRATE_lag3
M2_lag2,UNRATE_lag4
M2_lag2,UNRATE_lag5
M2_lag2,UNRATE_lag6
M2_lag2,UNRATE_lag7
M2_lag2,UNRATE_lag8
M2_lag2,UNRATE_lag9
M2_lag2,UNRATE_lag10
M2_lag3,UNRATE_lag1
M2_lag3,UNRATE_lag2
M2_lag3,UNRATE_lag3
M2_lag3,UNRATE_lag4
M2_lag3,UNRATE_lag5
M2_lag3,UNRATE_lag6
M2_lag3,UNRATE_lag7
M2_lag3,UNRATE_lag8
M2_lag3,UNRATE_lag9
M2_lag3,UNRATE_lag10
M2_lag4,UNRATE_lag1
M2_lag4,UNRATE_lag2
M2_lag4,UNRATE_lag3
M2_lag4,UNRATE_lag4
M2_lag4,UNRATE_lag5
M2_lag4,UNRATE_lag6
M2_lag4,UNRATE_lag7
M2_lag4,UNRATE_lag8
M2_lag4,UNRATE_lag9
M2_lag4,UNRATE_lag10
M2_lag5,UNRATE_lag1
M2_lag5,UNRATE_lag2
M2_lag5,UNRATE_lag3
M2_lag5,UNRATE_lag4
M2_lag5,UNRATE_lag5
M2_lag5,UNRATE_lag6
M2_lag5,UNRATE_lag7
M2_lag5,UNRATE_lag8
M2_lag5,UNRATE_lag9
M2_lag5,UNRATE_lag10
M2_lag6,UNRATE_lag1
M2_lag6,UNRATE_lag2
M2_lag6,UNRATE_lag3
M2_lag6,UNRATE_lag4
M2_lag6,UNRATE_lag5
M2_lag6,UNRATE_lag6
M2_lag6,UNRATE_lag7
M2_lag6,UNRATE_lag8
M2_lag6,UNRATE_lag9
M2_lag6,UNRATE_lag10
M2_lag7,UNRATE_lag1
M2_lag7,UNRATE_lag2
M2_lag7,UNRATE_lag3
M2_lag7,UNRATE_lag4
M2_lag7,UNRATE_lag5
M2_lag7,UNRATE_lag6
M2_lag7,UNRATE_lag7
M2_lag7,UNRATE_lag8
M2_lag7,UNRATE_lag9
M2_lag7,UNRATE_lag10
M2_lag8,UNRATE_lag1
M2_lag8,UNRATE_lag2
M2_lag8,UNRATE_lag3
M2_lag8,UNRATE_lag4
M2_lag8,UNRATE_lag5
M2_lag8,UNRATE_lag6
M2_lag8,UNRATE_lag7
M2_lag8,UNRATE_lag8
M2_lag8,UNRATE_lag9
M2_lag8,UNRATE_lag10
M2_lag9,UNRATE_lag1
M2_lag9,UNRATE_lag2
M2_lag9,UNRATE_lag3
M2_lag9,UNRATE_lag4
M2_lag9,UNRATE_lag5
M2_lag9,UNRATE_lag6
M2_lag9,UNRATE_lag7
M2_lag9,UNRATE_lag8
M2_lag9,UNRATE_lag9
M2_lag9,UNRATE_lag10
M2_lag10,UNRATE_lag1
M2_lag10,UNRATE_lag2
M2_lag10,UNRATE_lag3
M2_lag10,UNRATE_lag4
M2_lag10,UNRATE_lag5
M2_lag10,UNRATE_lag6
M2_lag10,UNRATE_lag7
M2_lag10,UNRATE_lag8
M2_lag10,UNRATE_lag9
M2_lag10,UNRATE_lag10
M3_lag1,UNRATE_lag1
M3_lag1,UNRATE_lag2
M3_lag1,UNRATE_lag3
M3_lag1,UNRATE_lag4
M3_lag1,UNRATE_lag5
M3_lag1,UNRATE_lag6
M3_lag1,UNRATE_lag7
M3_lag1,UNRATE_lag8
M3_lag1,UNRATE_lag9
M3_lag1,UNRATE_lag10
M3_lag2,UNRATE_lag1
M3_lag2,UNRATE_lag2
M3_lag2,UNRATE_lag3
M3_lag2,UNRATE_lag4
M3_lag2,UNRATE_lag5
M3_lag2,UNRATE_lag6
M3_lag2,UNRATE_lag7
M3_lag2,UNRATE_lag8
M3_lag2,UNRATE_lag9
M3_lag2,UNRATE_lag10
M3_lag3,UNRATE_lag1
M3_lag3,UNRATE_lag2
M3_lag3,UNRATE_lag3
M3_lag3,UNRATE_lag4
M3_lag3,UNRATE_lag5
M3_lag3,UNRATE_lag6
M3_lag3,UNRATE_lag7
M3_lag3,UNRATE_lag8
M3_lag3,UNRATE_lag9
M3_lag3,UNRATE_lag10
M3_lag4,UNRATE_lag1
M3_lag4,UNRATE_lag2
M3_lag4,UNRATE_lag3
M3_lag4,UNRATE_lag4
M3_lag4,UNRATE_lag5
M3_lag4,UNRATE_lag6
M3_lag4,UNRATE_lag7
M3_lag4,UNRATE_lag8
M3_lag4,UNRATE_lag9
M3_lag4,UNRATE_lag10
M3_lag5,UNRATE_lag1
M3_lag5,UNRATE_lag2
M3_lag5,UNRATE_lag3
M3_lag5,UNRATE_lag4
M3_lag5,UNRATE_lag5
M3_lag5,UNRATE_lag6
M3_lag5,UNRATE_lag7
M3_lag5,UNRATE_lag8
M3_lag5,UNRATE_lag9
M3_lag5,UNRATE_lag10
M3_lag6,UNRATE_lag1
M3_lag6,UNRATE_lag2
M3_lag6,UNRATE_lag3
M3_lag6,UNRATE_lag4
M3_lag6,UNRATE_lag5
M3_lag6,UNRATE_lag6
M3_lag6,UNRATE_lag7
M3_lag6,UNRATE_lag8
M3_lag6,UNRATE_lag9
M3_lag6,UNRATE_lag10
M3_lag7,UNRATE_lag1
M3_lag7,UNRATE_lag2
M3_lag7,UNRATE_lag3
M3_lag7,UNRATE_lag4
M3_lag7,UNRATE_lag5
M3_lag7,UNRATE_lag6
M3_lag7,UNRATE_lag7
M3_lag7,UNRATE_lag8
M3_lag7,UNRATE_lag9
M3_lag7,UNRATE_lag10
M3_lag8,UNRATE_lag1
M3_lag8,UNRATE_lag2
M3_lag8,UNRATE_lag3
M3_lag8,UNRATE_lag4
M3_lag8,UNRATE_lag5
M3_lag8,UNRATE_lag6
M3_lag8,UNRATE_lag7
M3_lag8,UNRATE_lag8
M3_lag8,UNRATE_lag9
M3_lag8,UNRATE_lag10
M3_lag9,UNRATE_lag1
M3_lag9,UNRATE_lag2
M3_lag9,UNRATE_lag3
M3_lag9,UNRATE_lag4
M3_lag9,UNRATE_lag5
M3_lag9,UNRATE_lag6
M3_lag9,UNRATE_lag7
M3_lag9,UNRATE_lag8
M3_lag9,UNRATE_lag9
M3_lag9,UNRATE_lag10
M3_lag10,UNRATE_lag1
M3_lag10,UNRATE_lag2
M3_lag10,UNRATE_lag3
M3_lag10,UNRATE_lag4
M3_lag10,UNRATE_lag5
M3_lag10,UNRATE_lag6
M3_lag10,UNRATE_lag7
M3_lag10,UNRATE_lag8
M3_lag10,UNRATE_lag9
M3_lag10,UNRATE_lag10
M0_lag1,UNRATE_lag1
M0_lag1,UNRATE_lag2
M0_lag1,UNRATE_lag3
M0_lag1,UNRATE_lag4
M0_lag1,UNRATE_lag5
M0_lag1,UNRATE_lag6
M0_lag1,UNRATE_lag7
M0_lag1,UNRATE_lag8
M0_lag1,UNRATE_lag9
M0_lag1,UNRATE_lag10
M0_lag2,UNRATE_lag1
M0_lag2,UNRATE_lag2
M0_lag2,UNRATE_lag3
M0_lag2,UNRATE_lag4
M0_lag2,UNRATE_lag5
M0_lag2,UNRATE_lag6
M0_lag2,UNRATE_lag7
M0_lag2,UNRATE_lag8
M0_lag2,UNRATE_lag9
M0_lag2,UNRATE_lag10
M0_lag3,UNRATE_lag1
M0_lag3,UNRATE_lag2
M0_lag3,UNRATE_lag3
M0_lag3,UNRATE_lag4
M0_lag3,UNRATE_lag5
M0_lag3,UNRATE_lag6
M0_lag3,UNRATE_lag7
M0_lag3,UNRATE_lag8
M0_lag3,UNRATE_lag9
M0_lag3,UNRATE_lag10
M0_lag4,UNRATE_lag1
M0_lag4,UNRATE_lag2
M0_lag4,UNRATE_lag3
M0_lag4,UNRATE_lag4
M0_lag4,UNRATE_lag5
M0_lag4,UNRATE_lag6
M0_lag4,UNRATE_lag7
M0_lag4,UNRATE_lag8
M0_lag4,UNRATE_lag9
M0_lag4,UNRATE_lag10
M0_lag5,UNRATE_lag1
M0_lag5,UNRATE_lag2
M0_lag5,UNRATE_lag3
M0_lag5,UNRATE_lag4
M0_lag5,UNRATE_lag5
M0_lag5,UNRATE_lag6
M0_lag5,UNRATE_lag7
M0_lag5,UNRATE_lag8
M0_lag5,UNRATE_lag9
M0_lag5,UNRATE_lag10
M0_lag6,UNRATE_lag1
M0_lag6,UNRATE_lag2
M0_lag6,UNRATE_lag3
M0_lag6,UNRATE_lag4
M0_lag6,UNRATE_lag5
M0_lag6,UNRATE_lag6
M0_lag6,UNRATE_lag7
M0_lag6,UNRATE_lag8
M0_lag6,UNRATE_lag9
M0_lag6,UNRATE_lag10
M0_lag7,UNRATE_lag1
M0_lag7,UNRATE_lag2
M0_lag7,UNRATE_lag3
M0_lag7,UNRATE_lag4
M0_lag7,UNRATE_lag5
M0_lag7,UNRATE_lag6
M0_lag7,UNRATE_lag7
M0_lag7,UNRATE_lag8
M0_lag7,UNRATE_lag9
M0_lag7,UNRATE_lag10
M0_lag8,UNRATE_lag1
M0_lag8,UNRATE_lag2
M0_lag8,UNRATE_lag3
M0_lag8,UNRATE_lag4
M0_lag8,UNRATE_lag5
M0_lag8,UNRATE_lag6
M0_lag8,UNRATE_lag7
M0_lag8,UNRATE_lag8
M0_lag8,UNRATE_lag9
M0_lag8,UNRATE_lag10
M0_lag9,UNRATE_lag1
M0_lag9,UNRATE_lag2
M0_lag9,UNRATE_lag3
M0_lag9,UNRATE_lag4
M0_lag9,UNRATE_lag5
M0_lag9,UNRATE_lag6
M0_lag9,UNRATE_lag7
M0_lag9,UNRATE_lag8
M0_lag9,UNRATE_lag9
M0_lag9,UNRATE_lag10
M0_lag10,UNRATE_lag1
M0_lag10,UNRATE_lag2
M0_lag10,UNRATE_lag3
M0_lag10,UNRATE_lag4
M0_lag10,UNRATE_lag5
M0_lag10,UNRATE_lag6
M0_lag10,UNRATE_lag7
M0_lag10,UNRATE_lag8
M0_lag10,UNRATE_lag9
M0_lag10,UNRATE_lag10
M1_lag1,UNRATE_lag1
M1_lag1,UNRATE_lag2
M1_lag1,UNRATE_lag3
M1_lag1,UNRATE_lag4
M1_lag1,UNRATE_lag5
M1_lag1,UNRATE_lag6
M1_lag1,UNRATE_lag7
M1_lag1,UNRATE_lag8
M1_lag1,UNRATE_lag9
M1_lag1,UNRATE_lag10
M1_lag2,UNRATE_lag1
M1_lag2,UNRATE_lag2
M1_lag2,UNRATE_lag3
M1_lag2,UNRATE_lag4
M1_lag2,UNRATE_lag5
M1_lag2,UNRATE_lag6
M1_lag2,UNRATE_lag7
M1_lag2,UNRATE_lag8
M1_lag2,UNRATE_lag9
M1_lag2,UNRATE_lag10
M1_lag3,UNRATE_lag1
M1_lag3,UNRATE_lag2
M1_lag3,UNRATE_lag3
M1_lag3,UNRATE_lag4
M1_lag3,UNRATE_lag5
M1_lag3,UNRATE_lag6
M1_lag3,UNRATE_lag7
M1_lag3,UNRATE_lag8
M1_lag3,UNRATE_lag9
M1_lag3,UNRATE_lag10
M1_lag4,UNRATE_lag1
M1_lag4,UNRATE_lag2
M1_lag4,UNRATE_lag3
M1_lag4,UNRATE_lag4
M1_lag4,UNRATE_lag5
M1_lag4,UNRATE_lag6
M1_lag4,UNRATE_lag7
M1_lag4,UNRATE_lag8
M1_lag4,UNRATE_lag9
M1_lag4,UNRATE_lag10
M1_lag5,UNRATE_lag1
M1_lag5,UNRATE_lag2
M1_lag5,UNRATE_lag3
M1_lag5,UNRATE_lag4
M1_lag5,UNRATE_lag5
M1_lag5,UNRATE_lag6
M1_lag5,UNRATE_lag7
M1_lag5,UNRATE_lag8
M1_lag5,UNRATE_lag9
M1_lag5,UNRATE_lag10
M1_lag6,UNRATE_lag1
M1_lag6,UNRATE_lag2
M1_lag6,UNRATE_lag3
M1_lag6,UNRATE_lag4
M1_lag6,UNRATE_lag5
M1_lag6,UNRATE_lag6
M1_lag6,UNRATE_lag7
M1_lag6,UNRATE_lag8
M1_lag6,UNRATE_lag9
M1_lag6,UNRATE_lag10
M1_lag7,UNRATE_lag1
M1_lag7,UNRATE_lag2
M1_lag7,UNRATE_lag3
M1_lag7,UNRATE_lag4
M1_lag7,UNRATE_lag5
M1_lag7,UNRATE_lag6
M1_lag7,UNRATE_lag7
M1_lag7,UNRATE_lag8
M1_lag7,UNRATE_lag9
M1_lag7,UNRATE_lag10
M1_lag8,UNRATE_lag1
M1_lag8,UNRATE_lag2
M1_lag8,UNRATE_lag3
M1_lag8,UNRATE_lag4
M1_lag8,UNRATE_lag5
M1_lag8,UNRATE_lag6
M1_lag8,UNRATE_lag7
M1_lag8,UNRATE_lag8
M1_lag8,UNRATE_lag9
M1_lag8,UNRATE_lag10
M1_lag9,UNRATE_lag1
M1_lag9,UNRATE_lag2
M1_lag9,UNRATE_lag3
M1_lag9,UNRATE_lag4
M1_lag9,UNRATE_lag5
M1_lag9,UNRATE_lag6
M1_lag9,UNRATE_lag7
M1_lag9,UNRATE_lag8
M1_lag9,UNRATE_lag9
M1_lag9,UNRATE_lag10
M1_lag10,UNRATE_lag1
M1_lag10,UNRATE_lag2
M1_lag10,UNRATE_lag3
M1_lag10,UNRATE_lag4
M1_lag10,UNRATE_lag5
M1_lag10,UNRATE_lag6
M1_lag10,UNRATE_lag7
M1_lag10,UNRATE_lag8
M1_lag10,UNRATE_lag9
M1_lag10,UNRATE_lag10
SPREAD_lag1,UNRATE_lag1
SPREAD_lag1,UNRATE_lag2
SPREAD_lag1,UNRATE_lag3
SPREAD_lag1,UNRATE_lag4
SPREAD_lag1,UNRATE_lag5
SPREAD_lag1,UNRATE_lag6
SPREAD_lag1,UNRATE_lag7
SPREAD_lag1,UNRATE_lag8
SPREAD_lag1,UNRATE_lag9
SPREAD_lag1,UNRATE_lag10
SPREAD_lag2,UNRATE_lag1
SPREAD_lag2,UNRATE_lag2
SPREAD_lag2,UNRATE_lag3
SPREAD_lag2,UNRATE_lag4
SPREAD_lag2,UNRATE_lag5
SPREAD_lag2,UNRATE_lag6
SPREAD_lag2,UNRATE_lag7
SPREAD_lag2,UNRATE_lag8
SPREAD_lag2,UNRATE_lag9
SPREAD_lag2,UNRATE_lag10
SPREAD_lag3,UNRATE_lag1
SPREAD_lag3,UNRATE_lag2
SPREAD_lag3,UNRATE_lag3
SPREAD_lag3,UNRATE_lag4
SPREAD_lag3,UNRATE_lag5
SPREAD_lag3,UNRATE_lag6
SPREAD_lag3,UNRATE_lag7
SPREAD_lag3,UNRATE_lag8
SPREAD_lag3,UNRATE_lag9
SPREAD_lag3,UNRATE_lag10
SPREAD_lag4,UNRATE_lag1
SPREAD_lag4,UNRATE_lag2
SPREAD_lag4,UNRATE_lag3
SPREAD_lag4,UNRATE_lag4
SPREAD_lag4,UNRATE_lag5
SPREAD_lag4,UNRATE_lag6
SPREAD_lag4,UNRATE_lag7
SPREAD_lag4,UNRATE_lag8
SPREAD_lag4,UNRATE_lag9
SPREAD_lag4,UNRATE_lag10
SPREAD_lag5,UNRATE_lag1
SPREAD_lag5,UNRATE_lag2
SPREAD_lag5,UNRATE_lag3
SPREAD_lag5,UNRATE_lag4
SPREAD_lag5,UNRATE_lag5
SPREAD_lag5,UNRATE_lag6
SPREAD_lag5,UNRATE_lag7
SPREAD_lag5,UNRATE_lag8
SPREAD_lag5,UNRATE_lag9
SPREAD_lag5,UNRATE_lag10
SPREAD_lag6,UNRATE_lag1
SPREAD_lag6,UNRATE_lag2
SPREAD_lag6,UNRATE_lag3
SPREAD_lag6,UNRATE_lag4
SPREAD_lag6,UNRATE_lag5
SPREAD_lag6,UNRATE_lag6
SPREAD_lag6,UNRATE_lag7
SPREAD_lag6,UNRATE_lag8
SPREAD_lag6,UNRATE_lag9
SPREAD_lag6,UNRATE_lag10
SPREAD_lag7,UNRATE_lag1
SPREAD_lag7,UNRATE_lag2
SPREAD_lag7,UNRATE_lag3
SPREAD_lag7,UNRATE_lag4
SPREAD_lag7,UNRATE_lag5
SPREAD_lag7,UNRATE_lag6
SPREAD_lag7,UNRATE_lag7
SPREAD_lag7,UNRATE_lag8
SPREAD_lag7,UNRATE_lag9
SPREAD_lag7,UNRATE_lag10
SPREAD_lag8,UNRATE_lag1
SPREAD_lag8,UNRATE_lag2
SPREAD_lag8,UNRATE_lag3
SPREAD_lag8,UNRATE_lag4
SPREAD_lag8,UNRATE_lag5
SPREAD_lag8,UNRATE_lag6
SPREAD_lag8,UNRATE_lag7
SPREAD_lag8,UNRATE_lag8
SPREAD_lag8,UNRATE_lag9
SPREAD_lag8,UNRATE_lag10
SPREAD_lag9,UNRATE_lag1
SPREAD_lag9,UNRATE_lag2
SPREAD_lag9,UNRATE_lag3
SPREAD_lag9,UNRATE_lag4
SPREAD_lag9,UNRATE_lag5
SPREAD_lag9,UNRATE_lag6
SPREAD_lag9,UNRATE_lag7
SPREAD_lag9,UNRATE_lag8
SPREAD_lag9,UNRATE_lag9
SPREAD_lag9,UNRATE_lag10
SPREAD_lag10,UNRATE_lag1
SPREAD_lag10,UNRATE_lag2
SPREAD_lag10,UNRATE_lag3
SPREAD_lag10,UNRATE_lag4
SPREAD_lag10,UNRATE_lag5
SPREAD_lag10,UNRATE_lag6
SPREAD_lag10,UNRATE_lag7
SPREAD_lag10,UNRATE_lag8
SPREAD_lag10,UNRATE_lag9
SPREAD_lag10,UNRATE_lag10
BILL_lag1,UNRATE_lag1
BILL_lag1,UNRATE_lag2
BILL_lag1,UNRATE_lag3
BILL_lag1,UNRATE_lag4
BILL_lag1,UNRATE_lag5
BILL_lag1,UNRATE_lag6
BILL_lag1,UNRATE_lag7
BILL_lag1,UNRATE_lag8
BILL_lag1,UNRATE_lag9
BILL_lag1,UNRATE_lag10
BILL_lag2,UNRATE_lag1
BILL_lag2,UNRATE_lag2
BILL_lag2,UNRATE_lag3
BILL_lag2,UNRATE_lag4
BILL_lag2,UNRATE_lag5
BILL_lag2,UNRATE_lag6
BILL_lag2,UNRATE_lag7
BILL_lag2,UNRATE_lag8
BILL_lag2,UNRATE_lag9
BILL_lag2,UNRATE_lag10
BILL_lag3,UNRATE_lag1
BILL_lag3,UNRATE_lag2
BILL_lag3,UNRATE_lag3
BILL_lag3,UNRATE_lag4
BILL_lag3,UNRATE_lag5
BILL_lag3,UNRATE_lag6
BILL_lag3,UNRATE_lag7
BILL_lag3,UNRATE_lag8
BILL_lag3,UNRATE_lag9
BILL_lag3,UNRATE_lag10
BILL_lag4,UNRATE_lag1
BILL_lag4,UNRATE_lag2
BILL_lag4,UNRATE_lag3
BILL_lag4,UNRATE_lag4
BILL_lag4,UNRATE_lag5
BILL_lag4,UNRATE_lag6
BILL_lag4,UNRATE_lag7
BILL_lag4,UNRATE_lag8
BILL_lag4,UNRATE_lag9
BILL_lag4,UNRATE_lag10
BILL_lag5,UNRATE_lag1
BILL_lag5,UNRATE_lag2
BILL_lag5,UNRATE_lag3
BILL_lag5,UNRATE_lag4
BILL_lag5,UNRATE_lag5
BILL_lag5,UNRATE_lag6
BILL_lag5,UNRATE_lag7
BILL_lag5,UNRATE_lag8
BILL_lag5,UNRATE_lag9
BILL_lag5,UNRATE_lag10
BILL_lag6,UNRATE_lag1
BILL_lag6,UNRATE_lag2
BILL_lag6,UNRATE_lag3
BILL_lag6,UNRATE_lag4
BILL_lag6,UNRATE_lag5
BILL_lag6,UNRATE_lag6
BILL_lag6,UNRATE_lag7
BILL_lag6,UNRATE_lag8
BILL_lag6,UNRATE_lag9
BILL_lag6,UNRATE_lag10
BILL_lag7,UNRATE_lag1
BILL_lag7,UNRATE_lag2
BILL_lag7,UNRATE_lag3
BILL_lag7,UNRATE_lag4
BILL_lag7,UNRATE_lag5
BILL_lag7,UNRATE_lag6
BILL_lag7,UNRATE_lag7
BILL_lag7,UNRATE_lag8
BILL_lag7,UNRATE_lag9
BILL_lag7,UNRATE_lag10
BILL_lag8,UNRATE_lag1
BILL_lag8,UNRATE_lag2
BILL_lag8,UNRATE_lag3
BILL_lag8,UNRATE_lag4
BILL_lag8,UNRATE_lag5
BILL_lag8,UNRATE_lag6
BILL_lag8,UNRATE_lag7
BILL_lag8,UNRATE_lag8
BILL_lag8,UNRATE_lag9
BILL_lag8,UNRATE_lag10
BILL_lag9,UNRATE_lag1
BILL_lag9,UNRATE_lag2
BILL_lag9,UNRATE_lag3
BILL_lag9,UNRATE_lag4
BILL_lag9,UNRATE_lag5
BILL_lag9,UNRATE_lag6
BILL_lag9,UNRATE_lag7
BILL_lag9,UNRATE_lag8
BILL_lag9,UNRATE_lag9
BILL_lag9,UNRATE_lag10
BILL_lag10,UNRATE_lag1
BILL_lag10,UNRATE_lag2
BILL_lag10,UNRATE_lag3
BILL_lag10,UNRATE_lag4
BILL_lag10,UNRATE_lag5
BILL_lag10,UNRATE_lag6
BILL_lag10,UNRATE_lag7
BILL_lag10,UNRATE_lag8
BILL_lag10,UNRATE_lag9
BILL_lag10,UNRATE_lag10
HI_lag1,UNRATE_lag1
HI_lag1,UNRATE_lag2
HI_lag1,UNRATE_lag3
HI_lag1,UNRATE_lag4
HI_lag1,UNRATE_lag5
HI_lag1,UNRATE_lag6
HI_lag1,UNRATE_lag7
HI_lag1,UNRATE_lag8
HI_lag1,UNRATE_lag9
HI_lag1,UNRATE_lag10
HI_lag2,UNRATE_lag1
HI_lag2,UNRATE_lag2
HI_lag2,UNRATE_lag3
HI_lag2,UNRATE_lag4
HI_lag2,UNRATE_lag5
HI_lag2,UNRATE_lag6
HI_lag2,UNRATE_lag7
HI_lag2,UNRATE_lag8
HI_lag2,UNRATE_lag9
HI_lag2,UNRATE_lag10
HI_lag3,UNRATE_lag1
HI_lag3,UNRATE_lag2
HI_lag3,UNRATE_lag3
HI_lag3,UNRATE_lag4
HI_lag3,UNRATE_lag5
HI_lag3,UNRATE_lag6
HI_lag3,UNRATE_lag7
HI_lag3,UNRATE_lag8
HI_lag3,UNRATE_lag9
HI_lag3,UNRATE_lag10
HI_lag4,UNRATE_lag1
HI_lag4,UNRATE_lag2
HI_lag4,UNRATE_lag3
HI_lag4,UNRATE_lag4
HI_lag4,UNRATE_lag5
HI_lag4,UNRATE_lag6
HI_lag4,UNRATE_lag7
HI_lag4,UNRATE_lag8
HI_lag4,UNRATE_lag9
HI_lag4,UNRATE_lag10
HI_lag5,UNRATE_lag1
HI_lag5,UNRATE_lag2
HI_lag5,UNRATE_lag3
HI_lag5,UNRATE_lag4
HI_lag5,UNRATE_lag5
HI_lag5,UNRATE_lag6
HI_lag5,UNRATE_lag7
HI_lag5,UNRATE_lag8
HI_lag5,UNRATE_lag9
HI_lag5,UNRATE_lag10
HI_lag6,UNRATE_lag1
HI_lag6,UNRATE_lag2
HI_lag6,UNRATE_lag3
HI_lag6,UNRATE_lag4
HI_lag6,UNRATE_lag5
HI_lag6,UNRATE_lag6
HI_lag6,UNRATE_lag7
HI_lag6,UNRATE_lag8
HI_lag6,UNRATE_lag9
HI_lag6,UNRATE_lag10
HI_lag7,UNRATE_lag1
HI_lag7,UNRATE_lag2
HI_lag7,UNRATE_lag3
HI_lag7,UNRATE_lag4
HI_lag7,UNRATE_lag5
HI_lag7,UNRATE_lag6
HI_lag7,UNRATE_lag7
HI_lag7,UNRATE_lag8
HI_lag7,UNRATE_lag9
HI_lag7,UNRATE_lag10
HI_lag8,UNRATE_lag1
HI_lag8,UNRATE_lag2
HI_lag8,UNRATE_lag3
HI_lag8,UNRATE_lag4
HI_lag8,UNRATE_lag5
HI_lag8,UNRATE_lag6
HI_lag8,UNRATE_lag7
HI_lag8,UNRATE_lag8
HI_lag8,UNRATE_lag9
HI_lag8,UNRATE_lag10
HI_lag9,UNRATE_lag1
HI_lag9,UNRATE_lag2
HI_lag9,UNRATE_lag3
HI_lag9,UNRATE_lag4
HI_lag9,UNRATE_lag5
HI_lag9,UNRATE_lag6
HI_lag9,UNRATE_lag7
HI_lag9,UNRATE_lag8
HI_lag9,UNRATE_lag9
HI_lag9,UNRATE_lag10
HI_lag10,UNRATE_lag1
HI_lag10,UNRATE_lag2
HI_lag10,UNRATE_lag3
HI_lag10,UNRATE_lag4
HI_lag10,UNRATE_lag5
HI_lag10,UNRATE_lag6
HI_lag10,UNRATE_lag7
HI_lag10,UNRATE_lag8
HI_lag10,UNRATE_lag9
HI_lag10,UNRATE_lag10
INDPRO_lag1,UNRATE_lag1
INDPRO_lag1,UNRATE_lag2
INDPRO_lag1,UNRATE_lag3
INDPRO_lag1,UNRATE_lag4
INDPRO_lag1,UNRATE_lag5
INDPRO_lag1,UNRATE_lag6
INDPRO_lag1,UNRATE_lag7
INDPRO_lag1,UNRATE_lag8
INDPRO_lag1,UNRATE_lag9
INDPRO_lag1,UNRATE_lag10
INDPRO_lag2,UNRATE_lag1
INDPRO_lag2,UNRATE_lag2
INDPRO_lag2,UNRATE_lag3
INDPRO_lag2,UNRATE_lag4
INDPRO_lag2,UNRATE_lag5
INDPRO_lag2,UNRATE_lag6
INDPRO_lag2,UNRATE_lag7
INDPRO_lag2,UNRATE_lag8
INDPRO_lag2,UNRATE_lag9
INDPRO_lag2,UNRATE_lag10
INDPRO_lag3,UNRATE_lag1
INDPRO_lag3,UNRATE_lag2
INDPRO_lag3,UNRATE_lag3
INDPRO_lag3,UNRATE_lag4
INDPRO_lag3,UNRATE_lag5
INDPRO_lag3,UNRATE_lag6
INDPRO_lag3,UNRATE_lag7
INDPRO_lag3,UNRATE_lag8
INDPRO_lag3,UNRATE_lag9
INDPRO_lag3,UNRATE_lag10
INDPRO_lag4,UNRATE_lag1
INDPRO_lag4,UNRATE_lag2
INDPRO_lag4,UNRATE_lag3
INDPRO_lag4,UNRATE_lag4
INDPRO_lag4,UNRATE_lag5
INDPRO_lag4,UNRATE_lag6
INDPRO_lag4,UNRATE_lag7
INDPRO_lag4,UNRATE_lag8
INDPRO_lag4,UNRATE_lag9
INDPRO_lag4,UNRATE_lag10
INDPRO_lag5,UNRATE_lag1
INDPRO_lag5,UNRATE_lag2
INDPRO_lag5,UNRATE_lag3
INDPRO_lag5,UNRATE_lag4
INDPRO_lag5,UNRATE_lag5
INDPRO_lag5,UNRATE_lag6
INDPRO_lag5,UNRATE_lag7
INDPRO_lag5,UNRATE_lag8
INDPRO_lag5,UNRATE_lag9
INDPRO_lag5,UNRATE_lag10
INDPRO_lag6,UNRATE_lag1
INDPRO_lag6,UNRATE_lag2
INDPRO_lag6,UNRATE_lag3
INDPRO_lag6,UNRATE_lag4
INDPRO_lag6,UNRATE_lag5
INDPRO_lag6,UNRATE_lag6
INDPRO_lag6,UNRATE_lag7
INDPRO_lag6,UNRATE_lag8
INDPRO_lag6,UNRATE_lag9
INDPRO_lag6,UNRATE_lag10
INDPRO_lag7,UNRATE_lag1
INDPRO_lag7,UNRATE_lag2
INDPRO_lag7,UNRATE_lag3
INDPRO_lag7,UNRATE_lag4
INDPRO_lag7,UNRATE_lag5
INDPRO_lag7,UNRATE_lag6
INDPRO_lag7,UNRATE_lag7
INDPRO_lag7,UNRATE_lag8
INDPRO_lag7,UNRATE_lag9
INDPRO_lag7,UNRATE_lag10
INDPRO_lag8,UNRATE_lag1
INDPRO_lag8,UNRATE_lag2
INDPRO_lag8,UNRATE_lag3
INDPRO_lag8,UNRATE_lag4
INDPRO_lag8,UNRATE_lag5
INDPRO_lag8,UNRATE_lag6
INDPRO_lag8,UNRATE_lag7
INDPRO_lag8,UNRATE_lag8
INDPRO_lag8,UNRATE_lag9
INDPRO_lag8,UNRATE_lag10
INDPRO_lag9,UNRATE_lag1
INDPRO_lag9,UNRATE_lag2
INDPRO_lag9,UNRATE_lag3
INDPRO_lag9,UNRATE_lag4
INDPRO_lag9,UNRATE_lag5
INDPRO_lag9,UNRATE_lag6
INDPRO_lag9,UNRATE_lag7
INDPRO_lag9,UNRATE_lag8
INDPRO_lag9,UNRATE_lag9
INDPRO_lag9,UNRATE_lag10
INDPRO_lag10,UNRATE_lag1
INDPRO_lag10,UNRATE_lag2
INDPRO_lag10,UNRATE_lag3
INDPRO_lag10,UNRATE_lag4
INDPRO_lag10,UNRATE_lag5
INDPRO_lag10,UNRATE_lag6
INDPRO_lag10,UNRATE_lag7
INDPRO_lag10,UNRATE_lag8
INDPRO_lag10,UNRATE_lag9
INDPRO_lag10,UNRATE_lag10
TWD_lag1,UNRATE_lag1
TWD_lag1,UNRATE_lag2
TWD_lag1,UNRATE_lag3
TWD_lag1,UNRATE_lag4
TWD_lag1,UNRATE_lag5
TWD_lag1,UNRATE_lag6
TWD_lag1,UNRATE_lag7
TWD_lag1,UNRATE_lag8
TWD_lag1,UNRATE_lag9
TWD_lag1,UNRATE_lag10
TWD_lag2,UNRATE_lag1
TWD_lag2,UNRATE_lag2
TWD_lag2,UNRATE_lag3
TWD_lag2,UNRATE_lag4
TWD_lag2,UNRATE_lag5
TWD_lag2,UNRATE_lag6
TWD_lag2,UNRATE_lag7
TWD_lag2,UNRATE_lag8
TWD_lag2,UNRATE_lag9
TWD_lag2,UNRATE_lag10
TWD_lag3,UNRATE_lag1
TWD_lag3,UNRATE_lag2
TWD_lag3,UNRATE_lag3
TWD_lag3,UNRATE_lag4
TWD_lag3,UNRATE_lag5
TWD_lag3,UNRATE_lag6
TWD_lag3,UNRATE_lag7
TWD_lag3,UNRATE_lag8
TWD_lag3,UNRATE_lag9
TWD_lag3,UNRATE_lag10
TWD_lag4,UNRATE_lag1
TWD_lag4,UNRATE_lag2
TWD_lag4,UNRATE_lag3
TWD_lag4,UNRATE_lag4
TWD_lag4,UNRATE_lag5
TWD_lag4,UNRATE_lag6
TWD_lag4,UNRATE_lag7
TWD_lag4,UNRATE_lag8
TWD_lag4,UNRATE_lag9
TWD_lag4,UNRATE_lag10
TWD_lag5,UNRATE_lag1
TWD_lag5,UNRATE_lag2
TWD_lag5,UNRATE_lag3
TWD_lag5,UNRATE_lag4
TWD_lag5,UNRATE_lag5
TWD_lag5,UNRATE_lag6
TWD_lag5,UNRATE_lag7
TWD_lag5,UNRATE_lag8
TWD_lag5,UNRATE_lag9
TWD_lag5,UNRATE_lag10
TWD_lag6,UNRATE_lag1
TWD_lag6,UNRATE_lag2
TWD_lag6,UNRATE_lag3
TWD_lag6,UNRATE_lag4
TWD_lag6,UNRATE_lag5
TWD_lag6,UNRATE_lag6
TWD_lag6,UNRATE_lag7
TWD_lag6,UNRATE_lag8
TWD_lag6,UNRATE_lag9
TWD_lag6,UNRATE_lag10
TWD_lag7,UNRATE_lag1
TWD_lag7,UNRATE_lag2
TWD_lag7,UNRATE_lag3
TWD_lag7,UNRATE_lag4
TWD_lag7,UNRATE_lag5
TWD_lag7,UNRATE_lag6
TWD_lag7,UNRATE_lag7
TWD_lag7,UNRATE_lag8
TWD_lag7,UNRATE_lag9
TWD_lag7,UNRATE_lag10
TWD_lag8,UNRATE_lag1
TWD_lag8,UNRATE_lag2
TWD_lag8,UNRATE_lag3
TWD_lag8,UNRATE_lag4
TWD_lag8,UNRATE_lag5
TWD_lag8,UNRATE_lag6
TWD_lag8,UNRATE_lag7
TWD_lag8,UNRATE_lag8
TWD_lag8,UNRATE_lag9
TWD_lag8,UNRATE_lag10
TWD_lag9,UNRATE_lag1
TWD_lag9,UNRATE_lag2
TWD_lag9,UNRATE_lag3
TWD_lag9,UNRATE_lag4
TWD_lag9,UNRATE_lag5
TWD_lag9,UNRATE_lag6
TWD_lag9,UNRATE_lag7
TWD_lag9,UNRATE_lag8
TWD_lag9,UNRATE_lag9
TWD_lag9,UNRATE_lag10
TWD_lag10,UNRATE_lag1
TWD_lag10,UNRATE_lag2
TWD_lag10,UNRATE_lag3
TWD_lag10,UNRATE_lag4
TWD_lag10,UNRATE_lag5
TWD_lag10,UNRATE_lag6
TWD_lag10,UNRATE_lag7
TWD_lag10,UNRATE_lag8
TWD_lag10,UNRATE_lag9
TWD_lag10,UNRATE_lag10
WILL500_lag1,UNRATE_lag1
WILL500_lag1,UNRATE_lag2
WILL500_lag1,UNRATE_lag3
WILL500_lag1,UNRATE_lag4
WILL500_lag1,UNRATE_lag5
WILL500_lag1,UNRATE_lag6
WILL500_lag1,UNRATE_lag7
WILL500_lag1,UNRATE_lag8
WILL500_lag1,UNRATE_lag9
WILL500_lag1,UNRATE_lag10
WILL500_lag2,UNRATE_lag1
WILL500_lag2,UNRATE_lag2
WILL500_lag2,UNRATE_lag3
WILL500_lag2,UNRATE_lag4
WILL500_lag2,UNRATE_lag5
WILL500_lag2,UNRATE_lag6
WILL500_lag2,UNRATE_lag7
WILL500_lag2,UNRATE_lag8
WILL500_lag2,UNRATE_lag9
WILL500_lag2,UNRATE_lag10
WILL500_lag3,UNRATE_lag1
WILL500_lag3,UNRATE_lag2
WILL500_lag3,UNRATE_lag3
WILL500_lag3,UNRATE_lag4
WILL500_lag3,UNRATE_lag5
WILL500_lag3,UNRATE_lag6
WILL500_lag3,UNRATE_lag7
WILL500_lag3,UNRATE_lag8
WILL500_lag3,UNRATE_lag9
WILL500_lag3,UNRATE_lag10
WILL500_lag4,UNRATE_lag1
WILL500_lag4,UNRATE_lag2
WILL500_lag4,UNRATE_lag3
WILL500_lag4,UNRATE_lag4
WILL500_lag4,UNRATE_lag5
WILL500_lag4,UNRATE_lag6
WILL500_lag4,UNRATE_lag7
WILL500_lag4,UNRATE_lag8
WILL500_lag4,UNRATE_lag9
WILL500_lag4,UNRATE_lag10
WILL500_lag5,UNRATE_lag1
WILL500_lag5,UNRATE_lag2
WILL500_lag5,UNRATE_lag3
WILL500_lag5,UNRATE_lag4
WILL500_lag5,UNRATE_lag5
WILL500_lag5,UNRATE_lag6
WILL500_lag5,UNRATE_lag7
WILL500_lag5,UNRATE_lag8
WILL500_lag5,UNRATE_lag9
WILL500_lag5,UNRATE_lag10
WILL500_lag6,UNRATE_lag1
WILL500_lag6,UNRATE_lag2
WILL500_lag6,UNRATE_lag3
WILL500_lag6,UNRATE_lag4
WILL500_lag6,UNRATE_lag5
WILL500_lag6,UNRATE_lag6
WILL500_lag6,UNRATE_lag7
WILL500_lag6,UNRATE_lag8
WILL500_lag6,UNRATE_lag9
WILL500_lag6,UNRATE_lag10
WILL500_lag7,UNRATE_lag1
WILL500_lag7,UNRATE_lag2
WILL500_lag7,UNRATE_lag3
WILL500_lag7,UNRATE_lag4
WILL500_lag7,UNRATE_lag5
WILL500_lag7,UNRATE_lag6
WILL500_lag7,UNRATE_lag7
WILL500_lag7,UNRATE_lag8
WILL500_lag7,UNRATE_lag9
WILL500_lag7,UNRATE_lag10
WILL500_lag8,UNRATE_lag1
WILL500_lag8,UNRATE_lag2
WILL500_lag8,UNRATE_lag3
WILL500_lag8,UNRATE_lag4
WILL500_lag8,UNRATE_lag5
WILL500_lag8,UNRATE_lag6
WILL500_lag8,UNRATE_lag7
WILL500_lag8,UNRATE_lag8
WILL500_lag8,UNRATE_lag9
WILL500_lag8,UNRATE_lag10
WILL500_lag9,UNRATE_lag1
WILL500_lag9,UNRATE_lag2
WILL500_lag9,UNRATE_lag3
WILL500_lag9,UNRATE_lag4
WILL500_lag9,UNRATE_lag5
WILL500_lag9,UNRATE_lag6
WILL500_lag9,UNRATE_lag7
WILL500_lag9,UNRATE_lag8
WILL500_lag9,UNRATE_lag9
WILL500_lag9,UNRATE_lag10
WILL500_lag10,UNRATE_lag1
WILL500_lag10,UNRATE_lag2
WILL500_lag10,UNRATE_lag3
WILL500_lag10,UNRATE_lag4
WILL500_lag10,UNRATE_lag5
WILL500_lag10,UNRATE_lag6
WILL500_lag10,UNRATE_lag7
WILL500_lag10,UNRATE_lag8
WILL500_lag10,UNRATE_lag9
WILL500_lag10,UNRATE_lag10
SP500_lag1,UNRATE_lag1
SP500_lag1,UNRATE_lag2
SP500_lag1,UNRATE_lag3
SP500_lag1,UNRATE_lag4
SP500_lag1,UNRATE_lag5
SP500_lag1,UNRATE_lag6
SP500_lag1,UNRATE_lag7
SP500_lag1,UNRATE_lag8
SP500_lag1,UNRATE_lag9
SP500_lag1,UNRATE_lag10
SP500_lag2,UNRATE_lag1
SP500_lag2,UNRATE_lag2
SP500_lag2,UNRATE_lag3
SP500_lag2,UNRATE_lag4
SP500_lag2,UNRATE_lag5
SP500_lag2,UNRATE_lag6
SP500_lag2,UNRATE_lag7
SP500_lag2,UNRATE_lag8
SP500_lag2,UNRATE_lag9
SP500_lag2,UNRATE_lag10
SP500_lag3,UNRATE_lag1
SP500_lag3,UNRATE_lag2
SP500_lag3,UNRATE_lag3
SP500_lag3,UNRATE_lag4
SP500_lag3,UNRATE_lag5
SP500_lag3,UNRATE_lag6
SP500_lag3,UNRATE_lag7
SP500_lag3,UNRATE_lag8
SP500_lag3,UNRATE_lag9
SP500_lag3,UNRATE_lag10
SP500_lag4,UNRATE_lag1
SP500_lag4,UNRATE_lag2
SP500_lag4,UNRATE_lag3
SP500_lag4,UNRATE_lag4
SP500_lag4,UNRATE_lag5
SP500_lag4,UNRATE_lag6
SP500_lag4,UNRATE_lag7
SP500_lag4,UNRATE_lag8
SP500_lag4,UNRATE_lag9
SP500_lag4,UNRATE_lag10
SP500_lag5,UNRATE_lag1
SP500_lag5,UNRATE_lag2
SP500_lag5,UNRATE_lag3
SP500_lag5,UNRATE_lag4
SP500_lag5,UNRATE_lag5
SP500_lag5,UNRATE_lag6
SP500_lag5,UNRATE_lag7
SP500_lag5,UNRATE_lag8
SP500_lag5,UNRATE_lag9
SP500_lag5,UNRATE_lag10
SP500_lag6,UNRATE_lag1
SP500_lag6,UNRATE_lag2
SP500_lag6,UNRATE_lag3
SP500_lag6,UNRATE_lag4
SP500_lag6,UNRATE_lag5
SP500_lag6,UNRATE_lag6
SP500_lag6,UNRATE_lag7
SP500_lag6,UNRATE_lag8
SP500_lag6,UNRATE_lag9
SP500_lag6,UNRATE_lag10
SP500_lag7,UNRATE_lag1
SP500_lag7,UNRATE_lag2
SP500_lag7,UNRATE_lag3
SP500_lag7,UNRATE_lag4
SP500_lag7,UNRATE_lag5
SP500_lag7,UNRATE_lag6
SP500_lag7,UNRATE_lag7
SP500_lag7,UNRATE_lag8
SP500_lag7,UNRATE_lag9
SP500_lag7,UNRATE_lag10
SP500_lag8,UNRATE_lag1
SP500_lag8,UNRATE_lag2
SP500_lag8,UNRATE_lag3
SP500_lag8,UNRATE_lag4
SP500_lag8,UNRATE_lag5
SP500_lag8,UNRATE_lag6
SP500_lag8,UNRATE_lag7
SP500_lag8,UNRATE_lag8
SP500_lag8,UNRATE_lag9
SP500_lag8,UNRATE_lag10
SP500_lag9,UNRATE_lag1
SP500_lag9,UNRATE_lag2
SP500_lag9,UNRATE_lag3
SP500_lag9,UNRATE_lag4
SP500_lag9,UNRATE_lag5
SP500_lag9,UNRATE_lag6
SP500_lag9,UNRATE_lag7
SP500_lag9,UNRATE_lag8
SP500_lag9,UNRATE_lag9
SP500_lag9,UNRATE_lag10
SP500_lag10,UNRATE_lag1
SP500_lag10,UNRATE_lag2
SP500_lag10,UNRATE_lag3
SP500_lag10,UNRATE_lag4
SP500_lag10,UNRATE_lag5
SP500_lag10,UNRATE_lag6
SP500_lag10,UNRATE_lag7
SP500_lag10,UNRATE_lag8
SP500_lag10,UNRATE_lag9
SP500_lag10,UNRATE_lag10
UNRATE_lag1,UNRATE_lag1
UNRATE_lag1,UNRATE_lag2
UNRATE_lag1,UNRATE_lag3
UNRATE_lag1,UNRATE_lag4
UNRATE_lag1,UNRATE_lag5
UNRATE_lag1,UNRATE_lag6
UNRATE_lag1,UNRATE_lag7
UNRATE_lag1,UNRATE_lag8
UNRATE_lag1,UNRATE_lag9
UNRATE_lag1,UNRATE_lag10
UNRATE_lag2,UNRATE_lag2
UNRATE_lag2,UNRATE_lag3
UNRATE_lag2,UNRATE_lag4
UNRATE_lag2,UNRATE_lag5
UNRATE_lag2,UNRATE_lag6
UNRATE_lag2,UNRATE_lag7
UNRATE_lag2,UNRATE_lag8
UNRATE_lag2,UNRATE_lag9
UNRATE_lag2,UNRATE_lag10
UNRATE_lag3,UNRATE_lag3
UNRATE_lag3,UNRATE_lag4
UNRATE_lag3,UNRATE_lag5
UNRATE_lag3,UNRATE_lag6
UNRATE_lag3,UNRATE_lag7
UNRATE_lag3,UNRATE_lag8
UNRATE_lag3,UNRATE_lag9
UNRATE_lag3,UNRATE_lag10
UNRATE_lag4,UNRATE_lag4
UNRATE_lag4,UNRATE_lag5
UNRATE_lag4,UNRATE_lag6
UNRATE_lag4,UNRATE_lag7
UNRATE_lag4,UNRATE_lag8
UNRATE_lag4,UNRATE_lag9
UNRATE_lag4,UNRATE_lag10
UNRATE_lag5,UNRATE_lag5
UNRATE_lag5,UNRATE_lag6
UNRATE_lag5,UNRATE_lag7
UNRATE_lag5,UNRATE_lag8
UNRATE_lag5,UNRATE_lag9
UNRATE_lag5,UNRATE_lag10
UNRATE_lag6,UNRATE_lag6
UNRATE_lag6,UNRATE_lag7
UNRATE_lag6,UNRATE_lag8
UNRATE_lag6,UNRATE_lag9
UNRATE_lag6,UNRATE_lag10
UNRATE_lag7,UNRATE_lag7
UNRATE_lag7,UNRATE_lag8
UNRATE_lag7,UNRATE_lag9
UNRATE_lag7,UNRATE_lag10
UNRATE_lag8,UNRATE_lag8
UNRATE_lag8,UNRATE_lag9
UNRATE_lag8,UNRATE_lag10
UNRATE_lag9,UNRATE_lag9
UNRATE_lag9,UNRATE_lag10
UNRATE_lag10,UNRATE_lag10
